{"@module": "pymatgen.core.structure", "@class": "Structure", "charge": null, "lattice": {"matrix": [[1.6312, -4.716634, 0.0], [1.6312, 4.716634, 0.0], [0.0, 0.0, 3.991753]], "a": 4.990736391551451, "b": 4.990736391551451, "c": 3.991753, "alpha": 90.0, "beta": 90.0, "gamma": 141.84515027131232, "volume": 61.42328594825708}, "sites": [{"species": [{"element": "Si", "occu": 1}], "abc": [0.89585, 0.10415, 0.75], "xyz": [1.6312, -3.7341591378, 2.9938147500000003], "label": "Si", "properties": {"magmom": 0.0}}, {"species": [{"element": "Si", "occu": 1}], "abc": [0.624969, 0.375031, 0.75], "xyz": [1.6311999999999998, -1.1788660686919998, 2.9938147500000003], "label": "Si", "properties": {"magmom": 0.0}}, {"species": [{"element": "Si", "occu": 1}], "abc": [0.10415, 0.89585, 0.25], "xyz": [1.6312, 3.7341591378, 0.99793825], "label": "Si", "properties": {"magmom": -0.0}}, {"species": [{"element": "Si", "occu": 1}], "abc": [0.375031, 0.624969, 0.25], "xyz": [1.6311999999999998, 1.1788660686919998, 0.99793825], "label": "Si", "properties": {"magmom": -0.0}}], "@version": null}