{"@module": "pymatgen.core.structure", "@class": "Structure", "charge": null, "lattice": {"matrix": [[-0.810135, 0.810135, 3.121612], [0.810135, -0.810135, 3.121612], [0.810135, 0.810135, -3.121612]], "a": 3.325221633965772, "b": 3.325221633965772, "c": 3.325221633965772, "alpha": 151.79782926814372, "beta": 151.79782926814372, "gamma": 40.3086126383752, "volume": 8.195089546543116}, "sites": [{"species": [{"element": "C", "occu": 1}], "abc": [0.0, 0.0, 0.0], "xyz": [0.0, 0.0, 0.0], "label": "C", "properties": {"magmom": -0.0}}], "@version": null}