{"@module": "pymatgen.core.structure", "@class": "Structure", "charge": null, "lattice": {"matrix": [[1.925241, -3.334615, 0.0], [1.925241, 3.334615, 0.0], [0.0, 0.0, 6.365686]], "a": 3.8504818018406475, "b": 3.8504818018406475, "c": 6.365686, "alpha": 90.0, "beta": 90.0, "gamma": 119.99999659520081, "volume": 81.73461274842057}, "sites": [{"species": [{"element": "Si", "occu": 1}], "abc": [0.333333, 0.666667, 0.062956], "xyz": [1.9252409999999998, 1.11154055641, 0.400758127816], "label": "Si", "properties": {"magmom": 0.0}}, {"species": [{"element": "Si", "occu": 1}], "abc": [0.666667, 0.333333, 0.562956], "xyz": [1.9252409999999998, -1.11154055641, 3.5836011278160003], "label": "Si", "properties": {"magmom": 0.0}}, {"species": [{"element": "Si", "occu": 1}], "abc": [0.333333, 0.666667, 0.437044], "xyz": [1.9252409999999998, 1.11154055641, 2.782084872184], "label": "Si", "properties": {"magmom": 0.0}}, {"species": [{"element": "Si", "occu": 1}], "abc": [0.666667, 0.333333, 0.937044], "xyz": [1.9252409999999998, -1.11154055641, 5.964927872184], "label": "Si", "properties": {"magmom": 0.0}}], "@version": null}