{"@module": "pymatgen.core.structure", "@class": "Structure", "charge": null, "lattice": {"matrix": [[0.0, 2.0251, 2.0251], [2.0251, 0.0, 2.0251], [2.0251, 2.0251, 0.0]], "a": 2.863923885161755, "b": 2.863923885161755, "c": 2.863923885161755, "alpha": 59.99999999999999, "beta": 59.99999999999999, "gamma": 59.99999999999999, "volume": 16.609991746502004}, "sites": [{"species": [{"element": "Si", "occu": 1}], "abc": [0.0, 0.0, 0.0], "xyz": [0.0, 0.0, 0.0], "label": "Si", "properties": {"magmom": 0.0}}, {"species": [{"element": "C", "occu": 1}], "abc": [0.5, 0.5, 0.5], "xyz": [2.0251, 2.0251, 2.0251], "label": "C", "properties": {"magmom": -0.0}}], "@version": null}