{"@module": "pymatgen.core.structure", "@class": "Structure", "charge": null, "lattice": {"matrix": [[3.338824, 0.0, 0.0], [0.0, 1.282899, 0.0], [0.0, 0.446178, 3.401506]], "a": 3.338824, "b": 1.282899, "c": 3.430643944760225, "alpha": 82.52713507615566, "beta": 90.0, "gamma": 90.0, "volume": 14.56992226183839}, "sites": [{"species": [{"element": "C", "occu": 1}], "abc": [0.0, 0.0, 0.0], "xyz": [0.0, 0.0, 0.0], "label": "C", "properties": {"magmom": -0.0}}], "@version": null}