{"@module": "pymatgen.core.structure", "@class": "Structure", "charge": null, "lattice": {"matrix": [[-1.545834, 1.545834, 1.545834], [1.545834, -1.545834, 1.545834], [1.545834, 1.545834, -1.545834]], "a": 2.677463028067428, "b": 2.677463028067428, "c": 2.677463028067428, "alpha": 109.47122063449069, "beta": 109.47122063449069, "gamma": 109.47122063449069, "volume": 14.775716744128614}, "sites": [{"species": [{"element": "Si", "occu": 1}], "abc": [0.0, 0.0, 0.0], "xyz": [0.0, 0.0, 0.0], "label": "Si", "properties": {"magmom": 0.0}}], "@version": null}