{"@module": "pymatgen.core.structure", "@class": "Structure", "charge": null, "lattice": {"matrix": [[1.350784, -3.910561, 0.0], [1.350784, 3.910561, 0.0], [0.0, 0.0, 2.512001]], "a": 4.137282290269423, "b": 4.137282290269423, "c": 2.512001, "alpha": 90.0, "beta": 90.0, "gamma": 141.88817943669275, "volume": 26.538402471282236}, "sites": [{"species": [{"element": "C", "occu": 1}], "abc": [0.689425, 0.310575, 0.5], "xyz": [1.350784, -1.48151603485, 1.2560005], "label": "C", "properties": {"magmom": 0.0}}, {"species": [{"element": "C", "occu": 1}], "abc": [0.585855, 0.414145, 0.0], "xyz": [1.350784, -0.6714824293099999, 0.0], "label": "C", "properties": {"magmom": 0.0}}, {"species": [{"element": "C", "occu": 1}], "abc": [0.310575, 0.689425, 0.5], "xyz": [1.350784, 1.48151603485, 1.2560005], "label": "C", "properties": {"magmom": 0.0}}, {"species": [{"element": "C", "occu": 1}], "abc": [0.414145, 0.585855, 0.0], "xyz": [1.350784, 0.6714824293099999, 0.0], "label": "C", "properties": {"magmom": 0.0}}], "@version": null}