{"@module": "pymatgen.core.structure", "@class": "Structure", "charge": null, "lattice": {"matrix": [[1.319711, -2.285806, 0.0], [1.319711, 2.285806, 0.0], [0.0, 0.0, 4.764104]], "a": 2.639421564122905, "b": 2.639421564122905, "c": 4.764104, "alpha": 90.0, "beta": 90.0, "gamma": 119.99998907434959, "volume": 28.742823906135836}, "sites": [{"species": [{"element": "Si", "occu": 1}], "abc": [0.333333, 0.666667, 0.25], "xyz": [1.319711, 0.7619368572040001, 1.191026], "label": "Si", "properties": {"magmom": 0.0}}, {"species": [{"element": "Si", "occu": 1}], "abc": [0.666667, 0.333333, 0.75], "xyz": [1.319711, -0.7619368572040001, 3.5730779999999998], "label": "Si", "properties": {"magmom": 0.0}}], "@version": null}