{"@module": "pymatgen.core.structure", "@class": "Structure", "charge": null, "lattice": {"matrix": [[-1.676685, 1.676685, 1.287674], [1.676685, -1.676685, 1.287674], [1.676685, 1.676685, -1.287674]], "a": 2.6982678719367357, "b": 2.6982678719367357, "c": 2.6982678719367357, "alpha": 103.16412696614779, "beta": 103.16412696614779, "gamma": 122.99169536562484, "volume": 14.480010480230849}, "sites": [{"species": [{"element": "Si", "occu": 1}], "abc": [0.0, 0.0, 0.0], "xyz": [0.0, 0.0, 0.0], "label": "Si", "properties": {"magmom": -0.0}}], "@version": null}