{"@module": "pymatgen.core.structure", "@class": "Structure", "charge": null, "lattice": {"matrix": [[4.083008, -1.234177, 0.0], [4.083008, 1.234177, 0.0], [3.709952, 0.0, 2.104853]], "a": 4.265459787103027, "b": 4.265459787103027, "c": 4.265460115147368, "alpha": 33.63713655663974, "beta": 33.63713655663974, "gamma": 33.63714263914033, "volume": 21.213359204749423}, "sites": [{"species": [{"element": "C", "occu": 1}], "abc": [0.166668, 0.166668, 0.166668], "xyz": [1.9793438346240002, 0.0, 0.350811639804], "label": "C", "properties": {"magmom": 0.0}}, {"species": [{"element": "C", "occu": 1}], "abc": [0.833332, 0.833332, 0.833332], "xyz": [9.896624165376, 0.0, 1.7540413601959999], "label": "C", "properties": {"magmom": 0.0}}], "@version": null}