{"@module": "pymatgen.core.structure", "@class": "Structure", "charge": null, "lattice": {"matrix": [[0.0, 2.672685, 4.663443], [2.457374, 0.0, 4.663443], [2.457374, 2.672685, 0.0]], "a": 5.375029834658966, "b": 5.271279502182084, "c": 3.6306930585083887, "alpha": 71.60735078321522, "beta": 68.5285767616029, "gamma": 39.86407245518187, "volume": 61.25699716277941}, "sites": [{"species": [{"element": "Si", "occu": 1}], "abc": [0.72864, 0.27136, 0.72864], "xyz": [2.457374, 3.8948503968, 4.663442999999999], "label": "Si", "properties": {"magmom": 0.0}}, {"species": [{"element": "Si", "occu": 1}], "abc": [0.27136, 0.72864, 0.27136], "xyz": [2.457374, 1.4505196031999998, 4.663442999999999], "label": "Si", "properties": {"magmom": 0.0}}, {"species": [{"element": "Si", "occu": 1}], "abc": [0.778683, 0.778683, 0.221317], "xyz": [2.457374, 2.6726850000000004, 7.262687571138001], "label": "Si", "properties": {"magmom": 0.0}}, {"species": [{"element": "Si", "occu": 1}], "abc": [0.221317, 0.221317, 0.778683], "xyz": [2.457374, 2.6726850000000004, 2.0641984288620003], "label": "Si", "properties": {"magmom": 0.0}}], "@version": null}