{"@module": "pymatgen.core.structure", "@class": "Structure", "charge": null, "lattice": {"matrix": [[6.914641, -1.343114, 0.0], [6.914641, 1.343114, 0.0], [6.653752, 0.0, 2.311667]], "a": 7.043877864917662, "b": 7.043877864917662, "c": 7.04387819289864, "alpha": 21.98473457806116, "beta": 21.98473457806116, "gamma": 21.984732415338517, "volume": 42.93760159205621}, "sites": [{"species": [{"element": "Si", "occu": 1}], "abc": [0.0, 0.0, 0.0], "xyz": [0.0, 0.0, 0.0], "label": "Si", "properties": {"magmom": -0.0}}, {"species": [{"element": "Si", "occu": 1}], "abc": [0.222404, 0.222404, 0.222404], "xyz": [4.555508693736, 0.0, 0.5141239874679999], "label": "Si", "properties": {"magmom": 0.0}}, {"species": [{"element": "Si", "occu": 1}], "abc": [0.777596, 0.777596, 0.777596], "xyz": [15.927525306263998, 0.0, 1.7975430125319998], "label": "Si", "properties": {"magmom": 0.0}}], "@version": null}