{"@module": "pymatgen.core.structure", "@class": "Structure", "charge": null, "lattice": {"matrix": [[1.130225, -1.148383, 0.0], [1.130225, 1.148383, 0.0], [0.0, 0.0, 6.399035]], "a": 1.6112703265790007, "b": 1.6112703265790007, "c": 6.399035, "alpha": 90.0, "beta": 90.0, "gamma": 90.91314938134157, "volume": 16.61101404786998}, "sites": [{"species": [{"element": "C", "occu": 1}], "abc": [0.668158, 0.331842, 0.75], "xyz": [1.130225, -0.386219577028, 4.79927625], "label": "C", "properties": {"magmom": 0.004}}, {"species": [{"element": "C", "occu": 1}], "abc": [0.331842, 0.668158, 0.25], "xyz": [1.130225, 0.386219577028, 1.59975875], "label": "C", "properties": {"magmom": 0.003}}], "@version": null}