{"@module": "pymatgen.core.structure", "@class": "Structure", "charge": null, "lattice": {"matrix": [[1.234015, -2.137377, 0.0], [1.234015, 2.137377, 0.0], [0.0, 0.0, 19.998293]], "a": 2.4680302794645774, "b": 2.4680302794645774, "c": 19.998293, "alpha": 90.0, "beta": 90.0, "gamma": 120.00000749149126, "volume": 105.49320653247867}, "sites": [{"species": [{"element": "C", "occu": 1}], "abc": [0.333333, 0.666667, 0.0], "xyz": [1.234015, 0.712460424918, 0.0], "label": "C", "properties": {"magmom": 0.0}}, {"species": [{"element": "C", "occu": 1}], "abc": [0.666667, 0.333333, 0.0], "xyz": [1.234015, -0.712460424918, 0.0], "label": "C", "properties": {"magmom": 0.0}}], "@version": null}