{"@module": "pymatgen.core.structure", "@class": "Structure", "charge": null, "lattice": {"matrix": [[-2.189607, 2.189607, 1.257332], [2.189607, -2.189607, 1.257332], [2.189607, 2.189607, -1.257332]], "a": 3.342101343035845, "b": 3.342101343035845, "c": 3.342101343035845, "alpha": 98.13662056636856, "beta": 98.13662056636856, "gamma": 135.80176204787156, "volume": 24.11250361411516}, "sites": [{"species": [{"element": "C", "occu": 1}], "abc": [0.180288, 0.180288, 0.360576], "xyz": [0.789519733632, 0.789519733632, 0.0], "label": "C", "properties": {"magmom": -0.0}}, {"species": [{"element": "C", "occu": 1}], "abc": [0.819712, 0.819712, 0.639424], "xyz": [1.400087266368, 1.400087266368, 1.257332], "label": "C", "properties": {"magmom": -0.0}}, {"species": [{"element": "C", "occu": 1}], "abc": [0.819712, 0.180288, 0.0], "xyz": [-1.4000872663680002, 1.4000872663680002, 1.257332], "label": "C", "properties": {"magmom": -0.0}}, {"species": [{"element": "C", "occu": 1}], "abc": [0.180288, 0.819712, 0.0], "xyz": [1.4000872663680002, -1.4000872663680002, 1.257332], "label": "C", "properties": {"magmom": -0.0}}], "@version": null}