{"@module": "pymatgen.core.structure", "@class": "Structure", "charge": null, "lattice": {"matrix": [[-2.061874, 2.061874, 2.061874], [2.061874, -2.061874, 2.061874], [2.061874, 2.061874, -2.061874]], "a": 3.571270526805271, "b": 3.571270526805271, "c": 3.571270526805271, "alpha": 109.47122063449069, "beta": 109.47122063449069, "gamma": 109.47122063449069, "volume": 35.06278091669974}, "sites": [{"species": [{"element": "C", "occu": 1}], "abc": [0.5, 0.0, 0.25], "xyz": [-0.5154685, 1.5464055, 0.5154685], "label": "C", "properties": {"magmom": -0.004}}, {"species": [{"element": "C", "occu": 1}], "abc": [0.25, 0.5, 0.0], "xyz": [0.5154685, -0.5154685, 1.5464055], "label": "C", "properties": {"magmom": -0.003}}, {"species": [{"element": "C", "occu": 1}], "abc": [0.0, 0.25, 0.5], "xyz": [1.5464055, 0.5154685, -0.5154685], "label": "C", "properties": {"magmom": -0.003}}, {"species": [{"element": "C", "occu": 1}], "abc": [0.25, 0.25, 0.25], "xyz": [0.5154685, 0.5154685, 0.5154685], "label": "C", "properties": {"magmom": -0.003}}], "@version": null}