{"@module": "pymatgen.core.structure", "@class": "Structure", "charge": null, "lattice": {"matrix": [[0.0, 2.734364, 2.734364], [2.734364, 0.0, 2.734364], [2.734364, 2.734364, 0.0]], "a": 3.8669746532647453, "b": 3.8669746532647453, "c": 3.8669746532647453, "alpha": 59.99999999999999, "beta": 59.99999999999999, "gamma": 59.99999999999999, "volume": 40.88829284866483}, "sites": [{"species": [{"element": "Si", "occu": 1}], "abc": [0.25, 0.25, 0.25], "xyz": [1.367182, 1.367182, 1.367182], "label": "Si", "properties": {"magmom": 0.0}}, {"species": [{"element": "Si", "occu": 1}], "abc": [0.0, 0.0, 0.0], "xyz": [0.0, 0.0, 0.0], "label": "Si", "properties": {"magmom": 0.0}}], "@version": null}