{"@module": "pymatgen.core.structure", "@class": "Structure", "charge": null, "lattice": {"matrix": [[1.151662, -1.155668, 0.0], [1.151662, 1.155668, 0.0], [0.0, 0.0, 9.879877]], "a": 1.6315311484823083, "b": 1.6315311484823083, "c": 9.879877, "alpha": 90.0, "beta": 90.0, "gamma": 90.19895434298549, "volume": 26.299025652493786}, "sites": [{"species": [{"element": "C", "occu": 1}], "abc": [0.331215, 0.331215, 0.75], "xyz": [0.76289545866, 0.0, 7.40990775], "label": "C", "properties": {"magmom": 0.002}}, {"species": [{"element": "C", "occu": 1}], "abc": [0.668785, 0.668785, 0.25], "xyz": [1.5404285413399998, 0.0, 2.46996925], "label": "C", "properties": {"magmom": 0.003}}], "@version": null}