{"@module": "pymatgen.core.structure", "@class": "Structure", "charge": null, "lattice": {"matrix": [[0.0, 1.934742, 1.934742], [1.934742, 0.0, 1.934742], [1.934742, 1.934742, 0.0]], "a": 2.7361383760928466, "b": 2.7361383760928466, "c": 2.7361383760928466, "alpha": 60.00000000000001, "beta": 60.00000000000001, "gamma": 60.00000000000001, "volume": 14.484355462473692}, "sites": [{"species": [{"element": "Si", "occu": 1}], "abc": [0.0, 0.0, 0.0], "xyz": [0.0, 0.0, 0.0], "label": "Si", "properties": {"magmom": -0.0}}], "@version": null}