{"@module": "pymatgen.core.structure", "@class": "Structure", "charge": null, "lattice": {"matrix": [[1.324762, -2.294556, 0.0], [1.324762, 2.294556, 0.0], [0.0, 0.0, 2.476905]], "a": 2.6495247864060456, "b": 2.6495247864060456, "c": 2.476905, "alpha": 90.0, "beta": 90.0, "gamma": 120.00001963680538, "volume": 15.05829736024591}, "sites": [{"species": [{"element": "Si", "occu": 1}], "abc": [0.0, 0.0, 0.0], "xyz": [0.0, 0.0, 0.0], "label": "Si", "properties": {"magmom": 0.0}}], "@version": null}