{"@module": "pymatgen.core.structure", "@class": "Structure", "charge": null, "lattice": {"matrix": [[1.233862, -2.137112, 0.0], [1.233862, 2.137112, 0.0], [0.0, 0.0, 8.685038]], "a": 2.4677242827325747, "b": 2.4677242827325747, "c": 8.685038, "alpha": 90.0, "beta": 90.0, "gamma": 120.00000758003493, "volume": 45.80317575176706}, "sites": [{"species": [{"element": "C", "occu": 1}], "abc": [0.0, 0.0, 0.75], "xyz": [0.0, 0.0, 6.513778500000001], "label": "C", "properties": {"magmom": -0.0}}, {"species": [{"element": "C", "occu": 1}], "abc": [0.0, 0.0, 0.25], "xyz": [0.0, 0.0, 2.1712595], "label": "C", "properties": {"magmom": -0.0}}, {"species": [{"element": "C", "occu": 1}], "abc": [0.333333, 0.666667, 0.75], "xyz": [1.233862, 0.7123720914080001, 6.513778500000001], "label": "C", "properties": {"magmom": 0.0}}, {"species": [{"element": "C", "occu": 1}], "abc": [0.666667, 0.333333, 0.25], "xyz": [1.233862, -0.7123720914080001, 2.1712595], "label": "C", "properties": {"magmom": 0.0}}], "@version": null}