{"@module": "pymatgen.core.structure", "@class": "Structure", "charge": null, "lattice": {"matrix": [[1.256547, -2.176403, 0.0], [1.256547, 2.176403, 0.0], [0.0, 0.0, 4.181402]], "a": 2.5130937868726666, "b": 2.5130937868726666, "c": 4.181402, "alpha": 90.0, "beta": 90.0, "gamma": 119.99999438923007, "volume": 22.87020048774664}, "sites": [{"species": [{"element": "C", "occu": 1}], "abc": [0.333333, 0.666667, 0.062772], "xyz": [1.256547, 0.7254691176020001, 0.26247496634399997], "label": "C", "properties": {"magmom": -0.0}}, {"species": [{"element": "C", "occu": 1}], "abc": [0.666667, 0.333333, 0.562772], "xyz": [1.256547, -0.7254691176020001, 2.353175966344], "label": "C", "properties": {"magmom": -0.0}}, {"species": [{"element": "C", "occu": 1}], "abc": [0.666667, 0.333333, 0.937228], "xyz": [1.256547, -0.7254691176020001, 3.9189270336560003], "label": "C", "properties": {"magmom": -0.0}}, {"species": [{"element": "C", "occu": 1}], "abc": [0.333333, 0.666667, 0.437228], "xyz": [1.256547, 0.7254691176020001, 1.8282260336560001], "label": "C", "properties": {"magmom": -0.0}}], "@version": null}