{"@module": "pymatgen.core.structure", "@class": "Structure", "charge": null, "lattice": {"matrix": [[1.233596, -2.136651, 0.0], [1.233596, 2.136651, 0.0], [0.0, 0.0, 3.830032]], "a": 2.4671920450214246, "b": 2.4671920450214246, "c": 3.830032, "alpha": 90.0, "beta": 90.0, "gamma": 120.00000120728076, "volume": 20.190121901693487}, "sites": [{"species": [{"element": "C", "occu": 1}], "abc": [0.333333, 0.666667, 0.0], "xyz": [1.233596, 0.712218424434, 0.0], "label": "C", "properties": {"magmom": -0.0}}, {"species": [{"element": "C", "occu": 1}], "abc": [0.666667, 0.333333, 0.0], "xyz": [1.233596, -0.712218424434, 0.0], "label": "C", "properties": {"magmom": -0.0}}], "@version": null}