{"@module": "pymatgen.core.structure", "@class": "Structure", "charge": null, "lattice": {"matrix": [[11.875771, -1.234686, 0.0], [11.875771, 1.234686, 0.0], [11.747405, 0.0, 2.134682]], "a": 11.939781671497892, "b": 11.939781671497892, "c": 11.939781885576847, "alpha": 11.8710658182807, "beta": 11.8710658182807, "gamma": 11.871069329252755, "volume": 62.60103621225793}, "sites": [{"species": [{"element": "C", "occu": 1}], "abc": [0.949244, 0.949244, 0.949244], "xyz": [33.697162446068006, 0.0, 2.026334080408], "label": "C", "properties": {"magmom": 0.0}}, {"species": [{"element": "C", "occu": 1}], "abc": [0.282535, 0.282535, 0.282535], "xyz": [10.029694990645, 0.0, 0.60312237887], "label": "C", "properties": {"magmom": -0.0}}, {"species": [{"element": "C", "occu": 1}], "abc": [0.717465, 0.717465, 0.717465], "xyz": [25.469252009355, 0.0, 1.5315596211300002], "label": "C", "properties": {"magmom": -0.0}}, {"species": [{"element": "C", "occu": 1}], "abc": [0.050756, 0.050756, 0.050756], "xyz": [1.8017845539320003, 0.0, 0.10834791959200002], "label": "C", "properties": {"magmom": 0.0}}], "@version": null}