{"@module": "pymatgen.core.structure", "@class": "Structure", "charge": null, "lattice": {"matrix": [[1.233371, -2.138533, 0.0], [1.233371, 2.138533, 0.0], [0.0, 0.0, 8.149903]], "a": 2.4687096661474794, "b": 2.4687096661474794, "c": 8.149903, "alpha": 90.0, "beta": 90.0, "gamma": 120.05272489603747, "volume": 42.992443036021456}, "sites": [{"species": [{"element": "C", "occu": 1}], "abc": [0.583259, 0.416741, 0.234124], "xyz": [1.233371, -0.35610423809399994, 1.908087889972], "label": "C", "properties": {"magmom": 0.0}}, {"species": [{"element": "C", "occu": 1}], "abc": [0.416741, 0.583259, 0.765876], "xyz": [1.233371, 0.35610423809399994, 6.241815110028], "label": "C", "properties": {"magmom": 0.0}}, {"species": [{"element": "C", "occu": 1}], "abc": [0.916741, 0.083259, 0.234124], "xyz": [1.233371, -1.782428761906, 1.908087889972], "label": "C", "properties": {"magmom": 0.0}}, {"species": [{"element": "C", "occu": 1}], "abc": [0.083259, 0.916741, 0.765876], "xyz": [1.233371, 1.782428761906, 6.241815110028], "label": "C", "properties": {"magmom": 0.0}}], "@version": null}