{"@module": "pymatgen.core.structure", "@class": "Structure", "charge": null, "lattice": {"matrix": [[1.233681, -2.137262, 0.0], [1.233681, 2.137262, 0.0], [0.0, 0.0, 8.028328]], "a": 2.467763697440458, "b": 2.467763697440458, "c": 8.028328, "alpha": 90.0, "beta": 90.0, "gamma": 120.01076900833039, "volume": 42.336577190837694}, "sites": [{"species": [{"element": "C", "occu": 1}], "abc": [0.583421, 0.416579, 0.760058], "xyz": [1.233681, -0.35658506660400013, 6.101994923024], "label": "C", "properties": {"magmom": 0.0}}, {"species": [{"element": "C", "occu": 1}], "abc": [0.083421, 0.916579, 0.239942], "xyz": [1.233681, 1.7806769333960002, 1.9263330769759999], "label": "C", "properties": {"magmom": 0.0}}, {"species": [{"element": "C", "occu": 1}], "abc": [0.416579, 0.583421, 0.239942], "xyz": [1.233681, 0.35658506660400013, 1.9263330769759999], "label": "C", "properties": {"magmom": 0.0}}, {"species": [{"element": "C", "occu": 1}], "abc": [0.916579, 0.083421, 0.760058], "xyz": [1.233681, -1.7806769333960002, 6.101994923024], "label": "C", "properties": {"magmom": 0.0}}], "@version": null}