{"@module": "pymatgen.core.structure", "@class": "Structure", "charge": null, "lattice": {"matrix": [[1.237044, 2.13176, 0.0], [-1.237044, 2.13176, 0.0], [0.0, 0.260309, 3.729055]], "a": 2.4646862996202987, "b": 2.4646862996202987, "c": 3.738129474550875, "alpha": 86.54699616164977, "beta": 86.54699616164977, "gamma": 60.2525302909911, "volume": 19.66763956116844}, "sites": [{"species": [{"element": "C", "occu": 1}], "abc": [0.833817, 0.833817, 0.999905], "xyz": [0.0, 3.815279726485, 3.728700739775], "label": "C", "properties": {"magmom": -0.0}}, {"species": [{"element": "C", "occu": 1}], "abc": [0.166183, 0.166183, 9.5e-05], "xyz": [0.0, 0.708549273515, 0.000354260225], "label": "C", "properties": {"magmom": -0.0}}], "@version": null}