{"@module": "pymatgen.core.structure", "@class": "Structure", "charge": null, "lattice": {"matrix": [[0.0, 1.786855, 1.786855], [1.786855, 0.0, 1.786855], [1.786855, 1.786855, 0.0]], "a": 2.526994574994177, "b": 2.526994574994177, "c": 2.526994574994177, "alpha": 60.00000000000001, "beta": 60.00000000000001, "gamma": 60.00000000000001, "volume": 11.410322800393955}, "sites": [{"species": [{"element": "C", "occu": 1}], "abc": [0.25, 0.25, 0.25], "xyz": [0.8934275, 0.8934275, 0.8934275], "label": "C", "properties": {"magmom": 0.0}}, {"species": [{"element": "C", "occu": 1}], "abc": [0.0, 0.0, 0.0], "xyz": [0.0, 0.0, 0.0], "label": "C", "properties": {"magmom": 0.0}}], "@version": null}