{"@module": "pymatgen.core.structure", "@class": "Structure", "charge": null, "lattice": {"matrix": [[1.546004, -2.677757, 0.0], [1.546004, 2.677757, 0.0], [0.0, 0.0, 5.073347]], "a": 3.0920075871616164, "b": 3.0920075871616164, "c": 5.073347, "alpha": 90.0, "beta": 90.0, "gamma": 119.99999116652614, "volume": 42.00551753028701}, "sites": [{"species": [{"element": "Si", "occu": 1}], "abc": [0.333333, 0.666667, 0.499589], "xyz": [1.546004, 0.8925874518380001, 2.534588354383], "label": "Si", "properties": {"magmom": -0.0}}, {"species": [{"element": "Si", "occu": 1}], "abc": [0.666667, 0.333333, 0.999589], "xyz": [1.546004, -0.8925874518380001, 5.071261854383], "label": "Si", "properties": {"magmom": -0.0}}, {"species": [{"element": "C", "occu": 1}], "abc": [0.333333, 0.666667, 0.875411], "xyz": [1.546004, 0.8925874518380001, 4.441263770617001], "label": "C", "properties": {"magmom": 0.0}}, {"species": [{"element": "C", "occu": 1}], "abc": [0.666667, 0.333333, 0.375411], "xyz": [1.546004, -0.8925874518380001, 1.904590270617], "label": "C", "properties": {"magmom": 0.0}}], "@version": null}