{"@module": "pymatgen.core.structure", "@class": "Structure", "charge": null, "lattice": {"matrix": [[0.0, 2.18978, 2.18978], [2.18978, 0.0, 2.18978], [2.18978, 2.18978, 0.0]], "a": 3.096816574613356, "b": 3.096816574613356, "c": 3.096816574613356, "alpha": 60.00000000000001, "beta": 60.00000000000001, "gamma": 60.00000000000001, "volume": 21.0005877839547}, "sites": [{"species": [{"element": "Si", "occu": 1}], "abc": [0.25, 0.25, 0.25], "xyz": [1.09489, 1.09489, 1.09489], "label": "Si", "properties": {"magmom": 0.0}}, {"species": [{"element": "C", "occu": 1}], "abc": [0.0, 0.0, 0.0], "xyz": [0.0, 0.0, 0.0], "label": "C", "properties": {"magmom": -0.0}}], "@version": null}