{"@module": "pymatgen.core.structure", "@class": "Structure", "charge": null, "lattice": {"matrix": [[-1.277622, 1.277622, 7.079553], [1.277622, -1.277622, 7.079553], [1.277622, 1.277622, -7.079553]], "a": 7.306483875954083, "b": 7.306483875954083, "c": 7.306483875954083, "alpha": 159.85881489837024, "beta": 159.85881489837024, "gamma": 28.634573451818703, "volume": 46.22432646417578}, "sites": [{"species": [{"element": "Si", "occu": 1}], "abc": [0.0, 0.0, 0.0], "xyz": [0.0, 0.0, 0.0], "label": "Si", "properties": {"magmom": 0.0}}, {"species": [{"element": "C", "occu": 1}], "abc": [0.75, 0.25, 0.5], "xyz": [0.0, 1.277622, 3.5397765], "label": "C", "properties": {"magmom": 0.0}}, {"species": [{"element": "C", "occu": 1}], "abc": [0.25, 0.75, 0.5], "xyz": [1.277622, 0.0, 3.5397765], "label": "C", "properties": {"magmom": 0.0}}, {"species": [{"element": "C", "occu": 1}], "abc": [0.5, 0.5, 0.0], "xyz": [0.0, 0.0, 7.079553], "label": "C", "properties": {"magmom": -0.0}}], "@version": null}