{"@module": "pymatgen.core.structure", "@class": "Structure", "charge": null, "lattice": {"matrix": [[1.234208, -2.137711, 0.0], [1.234208, 2.137711, 0.0], [0.0, 0.0, 9.999058]], "a": 2.468416031949436, "b": 2.468416031949436, "c": 9.999058, "alpha": 90.0, "beta": 90.0, "gamma": 120.00000085632152, "volume": 52.76262964980629}, "sites": [{"species": [{"element": "C", "occu": 1}], "abc": [0.333333, 0.666667, 0.0], "xyz": [1.234208, 0.7125717584740001, 0.0], "label": "C", "properties": {"magmom": -0.0}}, {"species": [{"element": "C", "occu": 1}], "abc": [0.666667, 0.333333, 0.0], "xyz": [1.234208, -0.7125717584740001, 0.0], "label": "C", "properties": {"magmom": -0.0}}], "@version": null}