{"@module": "pymatgen.core.structure", "@class": "Structure", "charge": null, "lattice": {"matrix": [[-2.405543, 2.405543, 1.324897], [2.405543, -2.405543, 1.324897], [2.405543, 2.405543, -1.324897]], "a": 3.65083912413393, "b": 3.65083912413393, "c": 3.65083912413393, "alpha": 97.56771834186816, "beta": 97.56771834186816, "gamma": 137.4429437198771, "volume": 30.666792667204266}, "sites": [{"species": [{"element": "Si", "occu": 1}], "abc": [0.25, 0.75, 0.5], "xyz": [2.4055430000000007, -2.220446049250313e-16, 0.6624485], "label": "Si", "properties": {"magmom": 0.0}}, {"species": [{"element": "Si", "occu": 1}], "abc": [0.0, 0.0, 0.0], "xyz": [0.0, 0.0, 0.0], "label": "Si", "properties": {"magmom": 0.0}}], "@version": null}