{"@module": "pymatgen.core.structure", "@class": "Structure", "charge": null, "lattice": {"matrix": [[0.0, 2.137467, 3.990014], [1.234035, 0.0, 3.990014], [1.234035, 2.137467, 0.0]], "a": 4.526475107220297, "b": 4.176488249884225, "c": 2.468118221907938, "alpha": 81.50442238630183, "beta": 65.86095794944345, "gamma": 32.63461966425474, "volume": 21.0489923888276}, "sites": [{"species": [{"element": "C", "occu": 1}], "abc": [0.666666, 0.333334, 0.666666], "xyz": [1.234035, 2.849953150044, 3.9900139999999995], "label": "C", "properties": {"magmom": -0.0}}, {"species": [{"element": "C", "occu": 1}], "abc": [0.333334, 0.666666, 0.333334], "xyz": [1.234035, 1.4249808499560002, 3.9900139999999995], "label": "C", "properties": {"magmom": -0.0}}], "@version": null}