{"@module": "pymatgen.core.structure", "@class": "Structure", "charge": null, "lattice": {"matrix": [[1.234016, -2.137378, 0.0], [1.234016, 2.137378, 0.0], [0.0, 0.0, 14.997562]], "a": 2.4680316454899844, "b": 2.4680316454899844, "c": 14.997562, "alpha": 90.0, "beta": 90.0, "gamma": 119.9999904968016, "volume": 79.11389876546237}, "sites": [{"species": [{"element": "C", "occu": 1}], "abc": [0.0, 0.0, 0.25], "xyz": [0.0, 0.0, 3.7493905], "label": "C", "properties": {"magmom": 0.017}}, {"species": [{"element": "C", "occu": 1}], "abc": [0.0, 0.0, 0.75], "xyz": [0.0, 0.0, 11.2481715], "label": "C", "properties": {"magmom": 0.017}}, {"species": [{"element": "C", "occu": 1}], "abc": [0.333333, 0.666667, 0.25], "xyz": [1.234016, 0.712460758252, 3.7493905], "label": "C", "properties": {"magmom": -0.017}}, {"species": [{"element": "C", "occu": 1}], "abc": [0.666667, 0.333333, 0.75], "xyz": [1.234016, -0.712460758252, 11.2481715], "label": "C", "properties": {"magmom": -0.017}}], "@version": null}