{"@module": "pymatgen.core.structure", "@class": "Structure", "charge": null, "lattice": {"matrix": [[-3.345046, 3.345046, 1.931045], [3.345046, -3.345046, 1.931045], [3.345046, 3.345046, -1.931045]], "a": 5.109559694949947, "b": 5.109559694949947, "c": 5.109559694949947, "alpha": 98.21160891708972, "beta": 98.21160891708972, "gamma": 135.58922212592933, "volume": 86.42842017999756}, "sites": [{"species": [{"element": "Si", "occu": 1}], "abc": [0.178625, 0.178625, 0.357251], "xyz": [1.195021028546, 1.195021028546, -1.931044999903264e-06], "label": "Si", "properties": {"magmom": -0.0}}, {"species": [{"element": "Si", "occu": 1}], "abc": [0.821375, 0.821375, 0.642749], "xyz": [2.150024971454, 2.150024971454, 1.9310469310449996], "label": "Si", "properties": {"magmom": -0.0}}, {"species": [{"element": "Si", "occu": 1}], "abc": [0.821375, 0.178625, 0.0], "xyz": [-2.1500283165, 2.1500283165, 1.931045], "label": "Si", "properties": {"magmom": -0.0}}, {"species": [{"element": "Si", "occu": 1}], "abc": [0.178625, 0.821375, 0.0], "xyz": [2.1500283165, -2.1500283165, 1.931045], "label": "Si", "properties": {"magmom": -0.0}}], "@version": null}