{"@module": "pymatgen.core.structure", "@class": "Structure", "charge": null, "lattice": {"matrix": [[1.233876, -2.137136, 0.0], [1.233876, 2.137136, 0.0], [0.0, 0.0, 25.829221]], "a": 2.46775206734226, "b": 2.46775206734226, "c": 25.829221, "alpha": 90.0, "beta": 90.0, "gamma": 120.00000180541964, "volume": 136.22128753160953}, "sites": [{"species": [{"element": "C", "occu": 1}], "abc": [0.0, 0.0, 0.57119], "xyz": [0.0, 0.0, 14.75339274299], "label": "C", "properties": {"magmom": -0.0}}, {"species": [{"element": "C", "occu": 1}], "abc": [0.0, 0.0, 0.42881], "xyz": [0.0, 0.0, 11.07582825701], "label": "C", "properties": {"magmom": -0.0}}, {"species": [{"element": "C", "occu": 1}], "abc": [0.333333, 0.666667, 0.428819], "xyz": [1.233876, 0.7123800914239999, 11.076060719999], "label": "C", "properties": {"magmom": 0.002}}, {"species": [{"element": "C", "occu": 1}], "abc": [0.666667, 0.333333, 0.571181], "xyz": [1.233876, -0.7123800914239999, 14.753160280001001], "label": "C", "properties": {"magmom": -0.001}}], "@version": null}